{
  "version": 1,
  "author": "Josep Marti",
  "editor": "wokwi",
  "parts": [
    { "type": "board-esp32-devkit-c-v4", "id": "esp", "top": 0, "left": 0, "attrs": {} },
    {
      "type": "wokwi-led",
      "id": "led1",
      "top": 121.2,
      "left": -178.6,
      "attrs": { "color": "red" }
    },
    {
      "type": "wokwi-resistor",
      "id": "r1",
      "top": 244.8,
      "left": -192.55,
      "rotate": 90,
      "attrs": { "value": "1000" }
    },
    {
      "type": "wokwi-pushbutton",
      "id": "btn1",
      "top": 57,
      "left": 147,
      "rotate": 90,
      "attrs": { "color": "green" }
    },
    {
      "type": "wokwi-resistor",
      "id": "r2",
      "top": 158.4,
      "left": 143.45,
      "rotate": 90,
      "attrs": { "value": "10000" }
    },
    { "type": "wokwi-servo", "id": "servo1", "top": -21.2, "left": -211.2, "attrs": {} }
  ],
  "connections": [
    [ "esp:TX", "$serialMonitor:RX", "", [] ],
    [ "esp:RX", "$serialMonitor:TX", "", [] ],
    [ "led1:A", "esp:13", "red", [ "h134.4", "v-28.8" ] ],
    [ "led1:C", "r1:1", "black", [ "v28.8", "h0.4", "v28.8" ] ],
    [ "r1:2", "esp:GND.2", "black", [ "v9.25", "h249.05", "v-230.4" ] ],
    [ "esp:0", "btn1:2.r", "green", [ "h43.24", "v-38.4" ] ],
    [ "btn1:2.r", "r2:1", "green", [ "v0" ] ],
    [ "r2:2", "esp:3V3", "red", [ "v8.4", "h48", "v-208.8", "h-230.4", "v36" ] ],
    [ "btn1:1.l", "esp:GND.2", "black", [ "v0" ] ],
    [ "esp:5V", "servo1:V+", "red", [ "h-4.61", "v115.2", "h-249.6", "v-278.4" ] ],
    [ "esp:GND.1", "servo1:GND", "black", [ "h-14.21", "v-38.4", "h-221.18", "v-86.4" ] ],
    [ "esp:33", "servo1:PWM", "orange", [ "h-235.01", "v-48" ] ]
  ],
  "dependencies": {}
}