{
  "version": 1,
  "author": "Josep Marti",
  "editor": "wokwi",
  "parts": [
    { "type": "board-esp32-devkit-c-v4", "id": "esp", "top": 0, "left": 0, "attrs": {} },
    {
      "type": "wokwi-led",
      "id": "led1",
      "top": 121.2,
      "left": -178.6,
      "attrs": { "color": "green" }
    },
    {
      "type": "wokwi-resistor",
      "id": "r1",
      "top": 244.8,
      "left": -192.55,
      "rotate": 90,
      "attrs": { "value": "1000" }
    },
    {
      "type": "wokwi-photoresistor-sensor",
      "id": "ldr1",
      "top": -64,
      "left": 116,
      "attrs": { "pin": "32" }
    },
    {
      "type": "wokwi-resistor",
      "id": "r2",
      "top": -158.4,
      "left": 114.65,
      "rotate": 90,
      "attrs": { "value": "10000" }
    }
  ],
  "connections": [
    [ "esp:TX", "$serialMonitor:RX", "", [] ],
    [ "esp:RX", "$serialMonitor:TX", "", [] ],
    [ "led1:A", "esp:13", "red", [ "h134.4", "v-28.8" ] ],
    [ "led1:C", "r1:1", "black", [ "v28.8", "h0.4", "v28.8" ] ],
    [ "r1:2", "esp:GND.2", "black", [ "v9.25", "h249.05", "v-230.4" ] ],
    [ "ldr1:VCC", "esp:3V3", "red", [ "v-134.4", "h-283.39" ] ],
    [ "ldr1:GND", "esp:GND.3", "black", [ "h9.6", "v-77.2", "h-201.6", "v201.6" ] ],
    [ "ldr1:AO", "esp:32", "yellow", [ "h19.2", "v-106.3", "h-316.8", "v211.2" ] ]
  ],
  "dependencies": {}
}