[
    {
        "id": "2dd4703bbc8693f6",
        "type": "tab",
        "label": "Flow 1",
        "disabled": false,
        "info": "",
        "env": []
    },
    {
        "id": "4db9b29314e48330",
        "type": "serial in",
        "z": "2dd4703bbc8693f6",
        "name": "",
        "serial": "7eeeb1418eff9043",
        "x": 290,
        "y": 200,
        "wires": [
            [
                "65de208b1a4708c1",
                "2df1ad545ae3d76f"
            ]
        ]
    },
    {
        "id": "2df1ad545ae3d76f",
        "type": "json",
        "z": "2dd4703bbc8693f6",
        "name": "",
        "property": "payload",
        "action": "str",
        "pretty": false,
        "x": 550,
        "y": 200,
        "wires": [
            [
                "d3f63c39fd81b5c8"
            ]
        ]
    },
    {
        "id": "6c7a3fb14f162afc",
        "type": "ui_chart",
        "z": "2dd4703bbc8693f6",
        "name": "",
        "group": "c12db5a079f86e8c",
        "order": 2,
        "width": "0",
        "height": "0",
        "label": "Temperatura",
        "chartType": "line",
        "legend": "false",
        "xformat": "HH:mm:ss",
        "interpolate": "linear",
        "nodata": "",
        "dot": true,
        "ymin": "0",
        "ymax": "40",
        "removeOlder": "20",
        "removeOlderPoints": "30",
        "removeOlderUnit": "60",
        "cutout": 0,
        "useOneColor": false,
        "useUTC": false,
        "colors": [
            "#e90c0c",
            "#aec7e8",
            "#ff7f0e",
            "#2ca02c",
            "#98df8a",
            "#d62728",
            "#ff9896",
            "#9467bd",
            "#c5b0d5"
        ],
        "outputs": 1,
        "useDifferentColor": false,
        "className": "",
        "x": 1390,
        "y": 120,
        "wires": [
            []
        ]
    },
    {
        "id": "72adb2cbcbf4f31a",
        "type": "function",
        "z": "2dd4703bbc8693f6",
        "name": "function 1",
        "func": "// Verificamos si es señal de reset\nif (msg.payload === \"reset\") {\n    // Enviamos un objeto con un array vacío para limpiar la serie\n    return {\n        topic: \"Temperatura\",  // Exactamente igual que el Label del gráfico\n        payload: [],\n        reset: true\n    };\n}\n\n// Si no es reset, procesamos los datos normalmente\ntry {\n    msg.topic = \"Temperatura\";  // Exactamente igual que el Label del gráfico\n    \n    // Si los datos vienen como string, los parseamos\n    if (typeof msg.payload === 'string') {\n        let datos = JSON.parse(msg.payload);\n        msg.payload = datos.temperatura;\n    } \n    // Si ya vienen como objeto\n    else if (typeof msg.payload === 'object') {\n        msg.payload = msg.payload.temperatura;\n    }\n\n    // Convertimos a número y verificamos que sea válido\n    msg.payload = Number(msg.payload);\n    \n    if (isNaN(msg.payload)) {\n        node.error(\"Valor de temperatura no válido\");\n        return null;\n    }\n\n    return msg;\n} catch (e) {\n    node.error(\"Error procesando datos: \" + e.message);\n    return null;\n}",
        "outputs": 1,
        "timeout": 0,
        "noerr": 0,
        "initialize": "",
        "finalize": "",
        "libs": [],
        "x": 1200,
        "y": 200,
        "wires": [
            [
                "6c7a3fb14f162afc",
                "14760be7fc5b16f2"
            ]
        ]
    },
    {
        "id": "d6552a3ff8696b3f",
        "type": "ui_button",
        "z": "2dd4703bbc8693f6",
        "name": "Reset graph",
        "group": "c12db5a079f86e8c",
        "order": 5,
        "width": "0",
        "height": "0",
        "passthru": false,
        "label": "Limpiar gráfico",
        "tooltip": "",
        "color": "",
        "bgcolor": "",
        "className": "",
        "icon": "",
        "payload": "reset",
        "payloadType": "str",
        "topic": "topic",
        "topicType": "msg",
        "x": 1090,
        "y": 300,
        "wires": [
            [
                "72adb2cbcbf4f31a"
            ]
        ]
    },
    {
        "id": "66ca4f3763650759",
        "type": "ui_led",
        "z": "2dd4703bbc8693f6",
        "order": 3,
        "group": "c12db5a079f86e8c",
        "width": "1",
        "height": "1",
        "label": "",
        "labelPlacement": "left",
        "labelAlignment": "right",
        "colorForValue": [
            {
                "color": "#a19b9b",
                "value": "false",
                "valueType": "bool"
            },
            {
                "color": "#008000",
                "value": "true",
                "valueType": "bool"
            }
        ],
        "allowColorForValueInMessage": false,
        "shape": "circle",
        "showGlow": true,
        "name": "",
        "x": 530,
        "y": 440,
        "wires": []
    },
    {
        "id": "d3f63c39fd81b5c8",
        "type": "gate",
        "z": "2dd4703bbc8693f6",
        "name": "",
        "controlTopic": "control",
        "defaultState": "open",
        "openCmd": "open",
        "closeCmd": "close",
        "toggleCmd": "toggle",
        "defaultCmd": "default",
        "statusCmd": "status",
        "persist": false,
        "storeName": "memory",
        "x": 770,
        "y": 200,
        "wires": [
            [
                "52c0b171dab955b3",
                "94143408dc745619",
                "72adb2cbcbf4f31a"
            ]
        ]
    },
    {
        "id": "1c0a8c6358b5631e",
        "type": "ui_switch",
        "z": "2dd4703bbc8693f6",
        "name": "",
        "label": "Habilitar/desabilitar lecturas",
        "tooltip": "",
        "group": "c12db5a079f86e8c",
        "order": 4,
        "width": "3",
        "height": "1",
        "passthru": true,
        "decouple": "false",
        "topic": "topic",
        "topicType": "msg",
        "style": "",
        "onvalue": "true",
        "onvalueType": "bool",
        "onicon": "",
        "oncolor": "",
        "offvalue": "false",
        "offvalueType": "bool",
        "officon": "",
        "offcolor": "",
        "animate": false,
        "className": "",
        "x": 280,
        "y": 320,
        "wires": [
            [
                "f8781ce90fe12781",
                "0b1c6cbc2df4dfd9",
                "66ca4f3763650759"
            ]
        ]
    },
    {
        "id": "f8781ce90fe12781",
        "type": "function",
        "z": "2dd4703bbc8693f6",
        "name": "function 2",
        "func": "if (msg.payload) {  // Si el switch está en ON\n    // Obtener el nombre de la corrida guardado\n    let nombreCorrida = global.get('nombreCorrida') || 'corrida_default';\n\n    // Genera nombre de archivo con timestamp y el nombre de la corrida\n    let date = new Date();\n    let filename = \"C:/Users/Usuario/Desktop/datos_guardados/\" +\n        nombreCorrida + \"_\" +\n        date.getFullYear() + \"-\" +\n        (date.getMonth() + 1) + \"-\" +\n        date.getDate() + \"_\" +\n        date.getHours() + \"-\" +\n        date.getMinutes() + \".csv\";\n\n    // Debug para ver el nombre generado\n    node.warn(\"Nuevo nombre de archivo: \" + filename);\n\n    // Guardar en variable global\n    global.set(\"nombreArchivo\", filename);\n\n    return {\n        payload: \"open\",\n        topic: \"control\"\n    };\n} else {\n    global.set(\"nombreArchivo\", null);\n    return {\n        payload: \"close\",\n        topic: \"control\"\n    };\n}",
        "outputs": 1,
        "timeout": 0,
        "noerr": 0,
        "initialize": "",
        "finalize": "",
        "libs": [],
        "x": 540,
        "y": 320,
        "wires": [
            [
                "d3f63c39fd81b5c8",
                "e6939a9a80265135"
            ]
        ]
    },
    {
        "id": "65de208b1a4708c1",
        "type": "debug",
        "z": "2dd4703bbc8693f6",
        "name": "debug 1",
        "active": false,
        "tosidebar": true,
        "console": false,
        "tostatus": false,
        "complete": "false",
        "statusVal": "",
        "statusType": "auto",
        "x": 440,
        "y": 60,
        "wires": []
    },
    {
        "id": "52c0b171dab955b3",
        "type": "debug",
        "z": "2dd4703bbc8693f6",
        "name": "debug 2",
        "active": false,
        "tosidebar": true,
        "console": false,
        "tostatus": false,
        "complete": "false",
        "statusVal": "",
        "statusType": "auto",
        "x": 760,
        "y": 60,
        "wires": []
    },
    {
        "id": "0b1c6cbc2df4dfd9",
        "type": "debug",
        "z": "2dd4703bbc8693f6",
        "name": "debug 3",
        "active": false,
        "tosidebar": true,
        "console": false,
        "tostatus": false,
        "complete": "false",
        "statusVal": "",
        "statusType": "auto",
        "x": 380,
        "y": 480,
        "wires": []
    },
    {
        "id": "e6939a9a80265135",
        "type": "debug",
        "z": "2dd4703bbc8693f6",
        "name": "debug 4",
        "active": false,
        "tosidebar": true,
        "console": false,
        "tostatus": false,
        "complete": "false",
        "statusVal": "",
        "statusType": "auto",
        "x": 720,
        "y": 480,
        "wires": []
    },
    {
        "id": "14760be7fc5b16f2",
        "type": "ui_gauge",
        "z": "2dd4703bbc8693f6",
        "name": "",
        "group": "c12db5a079f86e8c",
        "order": 6,
        "width": 0,
        "height": 0,
        "gtype": "gage",
        "title": "Temperatura",
        "label": "°C",
        "format": "{{value}}",
        "min": "10",
        "max": "40",
        "colors": [
            "#0e76d8",
            "#e6e600",
            "#ca3838"
        ],
        "seg1": "",
        "seg2": "",
        "diff": false,
        "className": "",
        "x": 1390,
        "y": 260,
        "wires": []
    },
    {
        "id": "f10db243bd431f91",
        "type": "file",
        "z": "2dd4703bbc8693f6",
        "name": "",
        "filename": "filename",
        "filenameType": "msg",
        "appendNewline": true,
        "createDir": true,
        "overwriteFile": "false",
        "encoding": "utf8",
        "x": 1060,
        "y": 380,
        "wires": [
            [
                "ee63f47e5ae2c739"
            ]
        ]
    },
    {
        "id": "94143408dc745619",
        "type": "function",
        "z": "2dd4703bbc8693f6",
        "name": "function 3",
        "func": "// Debug para ver qué llega\nnode.warn(\"Recibiendo mensaje en function 3: \" + JSON.stringify(msg));\n\n// Verificar que hay datos y obtener temperatura\nif (!msg.payload) {\n    node.warn(\"No hay payload\");\n    return null;\n}\n\n// Obtener nombre del archivo\nlet filename = global.get(\"nombreArchivo\");\nnode.warn(\"Nombre de archivo actual: \" + filename);\n\nif (!filename) {\n    node.warn(\"No hay nombre de archivo configurado\");\n    return null;\n}\n\n// Extraer la temperatura del mensaje\nlet temperatura;\nif (typeof msg.payload === 'string') {\n    try {\n        let datos = JSON.parse(msg.payload);\n        temperatura = datos.temperatura;\n    } catch(e) {\n        temperatura = msg.payload;\n    }\n} else if (typeof msg.payload === 'object') {\n    temperatura = msg.payload.temperatura;\n} else {\n    temperatura = msg.payload;\n}\n\n// Formatea los datos\nlet timestamp = new Date().toLocaleString();\nmsg = {\n    filename: filename,\n    payload: timestamp + \",\" + temperatura\n};\n\nnode.warn(\"Enviando al write file: \" + JSON.stringify(msg));\nreturn msg;",
        "outputs": 1,
        "timeout": 0,
        "noerr": 0,
        "initialize": "",
        "finalize": "",
        "libs": [],
        "x": 820,
        "y": 300,
        "wires": [
            [
                "b69161daae6ab274",
                "f10db243bd431f91"
            ]
        ]
    },
    {
        "id": "b69161daae6ab274",
        "type": "debug",
        "z": "2dd4703bbc8693f6",
        "name": "debug 5",
        "active": false,
        "tosidebar": true,
        "console": false,
        "tostatus": false,
        "complete": "false",
        "statusVal": "",
        "statusType": "auto",
        "x": 980,
        "y": 480,
        "wires": []
    },
    {
        "id": "ee63f47e5ae2c739",
        "type": "debug",
        "z": "2dd4703bbc8693f6",
        "name": "debug 6",
        "active": false,
        "tosidebar": true,
        "console": false,
        "tostatus": false,
        "complete": "false",
        "statusVal": "",
        "statusType": "auto",
        "x": 1240,
        "y": 480,
        "wires": []
    },
    {
        "id": "1785962f5ef0c2be",
        "type": "ui_text_input",
        "z": "2dd4703bbc8693f6",
        "name": "",
        "label": "Nombre de la corrida",
        "tooltip": "Introduzca el prefijo para el nombre del archivo donde guardár sus datos",
        "group": "c12db5a079f86e8c",
        "order": 1,
        "width": 0,
        "height": 0,
        "passthru": true,
        "mode": "text",
        "delay": "0",
        "topic": "topic",
        "sendOnBlur": true,
        "className": "",
        "topicType": "msg",
        "x": 680,
        "y": 620,
        "wires": [
            [
                "2519f3cd110e67b5"
            ]
        ]
    },
    {
        "id": "2519f3cd110e67b5",
        "type": "function",
        "z": "2dd4703bbc8693f6",
        "name": "function 4",
        "func": "// Guardar el nombre de la corrida en una variable global\n// Eliminar espacios y caracteres especiales para evitar problemas\nlet nombreSeguro = msg.payload.replace(/[^a-zA-Z0-9]/g, '_');\nglobal.set('nombreCorrida', nombreSeguro);\nreturn null;",
        "outputs": 1,
        "timeout": 0,
        "noerr": 0,
        "initialize": "",
        "finalize": "",
        "libs": [],
        "x": 880,
        "y": 620,
        "wires": [
            []
        ]
    },
    {
        "id": "28e03d8c5b077923",
        "type": "ui_spacer",
        "z": "2dd4703bbc8693f6",
        "name": "spacer",
        "group": "6c59b4761a61c6cf",
        "order": 2,
        "width": 6,
        "height": 1
    },
    {
        "id": "c9d268988222bc97",
        "type": "ui_spacer",
        "z": "2dd4703bbc8693f6",
        "name": "spacer",
        "group": "6c59b4761a61c6cf",
        "order": 3,
        "width": 6,
        "height": 1
    },
    {
        "id": "346c4dd668a02c62",
        "type": "ui_spacer",
        "z": "2dd4703bbc8693f6",
        "name": "spacer",
        "group": "6c59b4761a61c6cf",
        "order": 5,
        "width": 6,
        "height": 1
    },
    {
        "id": "9f17a5ecc6d8d1fa",
        "type": "ui_spacer",
        "z": "2dd4703bbc8693f6",
        "name": "spacer",
        "group": "6c59b4761a61c6cf",
        "order": 6,
        "width": 6,
        "height": 1
    },
    {
        "id": "d845c188d2791640",
        "type": "ui_spacer",
        "z": "2dd4703bbc8693f6",
        "name": "spacer",
        "group": "6c59b4761a61c6cf",
        "order": 8,
        "width": 6,
        "height": 1
    },
    {
        "id": "61af83d70ebad9fa",
        "type": "ui_spacer",
        "z": "2dd4703bbc8693f6",
        "name": "spacer",
        "group": "6c59b4761a61c6cf",
        "order": 9,
        "width": 6,
        "height": 1
    },
    {
        "id": "7eeeb1418eff9043",
        "type": "serial-port",
        "name": "",
        "serialport": "COM9",
        "serialbaud": "9600",
        "databits": "8",
        "parity": "none",
        "stopbits": "1",
        "waitfor": "",
        "dtr": "none",
        "rts": "none",
        "cts": "none",
        "dsr": "none",
        "newline": "\\n",
        "bin": "false",
        "out": "char",
        "addchar": "",
        "responsetimeout": "10000"
    },
    {
        "id": "c12db5a079f86e8c",
        "type": "ui_group",
        "name": "graficos",
        "tab": "b827adbc948f682a",
        "order": 1,
        "disp": false,
        "width": "6",
        "collapse": false,
        "className": ""
    },
    {
        "id": "b827adbc948f682a",
        "type": "ui_tab",
        "name": "Monitorización de temperatura",
        "icon": "dashboard",
        "order": 2,
        "disabled": false,
        "hidden": false
    }
]